120	AT        	PO1
120	AT        	PO2
120	AT        	PO3
120	AT        	PO4
120	MB_MO_GI  	PO1
120	MB_MO_GI  	PO2
120	MB_MO_GI  	PO3
120	MB_MO_GI  	PO4
120	MB_MO_GR  	PO1
120	MB_MO_GR  	PO2
120	MB_MO_GR  	PO3
120	MB_MO_GR  	PO4
120	PO        	PO1
120	PO        	PO2
120	PO        	PO3
120	PO        	PO4
120	PO1       	PO1
120	PO1       	PO2
120	PO1       	PO3
120	PO1       	PO4
120	PO2       	PO1
120	PO2       	PO2
120	PO2       	PO3
120	PO2       	PO4
120	PO3       	PO1
120	PO3       	PO2
120	PO3       	PO3
120	PO3       	PO4
